agente,tamanho_mundo,vitórias,mortes,sobreviveu,tempo_total,tempo_médio
genetico,4,4221,41,738,4759.7046080906875,0.9519409216181375
genetico,6,3181,29,1790,5095.382921895478,1.0190765843790957
genetico,8,2198,18,2784,2928.017710399814,0.5856035420799628
