agente,tamanho_mundo,vitórias,mortes,sobreviveu,tempo_total,tempo_médio
genetico,4,102,1,17,65.05348369805142,0.5421123641504285
genetico,6,85,0,35,66.74468890065327,0.5562057408387773
genetico,8,61,0,59,69.64761539828032,0.5803967949856693
