agente,tamanho_mundo,vitórias,mortes,sobreviveu,tempo_total,tempo_médio
genetico,4,82,1,17,37.867426997516304,0.37867426997516307
genetico,6,72,0,28,40.01934870285913,0.4001934870285913
genetico,8,49,0,51,42.14209709921852,0.4214209709921852
