agente,tamanho_mundo,vitórias,mortes,sobreviveu,tempo_total,tempo_médio
genetico,4,102,1,17,87.2077680984512,0.7267314008204266
genetico,6,85,0,35,91.96210909960791,0.7663509091633993
genetico,8,61,0,59,95.10297260060906,0.7925247716717422
