agente,tamanho_mundo,vitórias,mortes,sobreviveu,tempo_total,tempo_médio
genetico,4,4221,41,738,2881.346129416488,0.5762692258832977
genetico,6,3181,29,1790,3093.4613633099943,0.6186922726619989
genetico,8,2198,18,2784,3291.300634597428,0.6582601269194857
