agente,tamanho_mundo,vitórias,mortes,sobreviveu,tempo_total,tempo_médio
genetico,4,16,1,3,13.000138198491186,0.6500069099245593
genetico,6,16,0,4,13.230905698612332,0.6615452849306166
genetico,8,9,0,11,13.88889790000394,0.694444895000197
